id,day,phase,countsAsRoutine,priority,location,angelExpression,angelStatus,relationChange,setFlags,text_normal,text_adult
night_care_d1_opening,1,opening,false,10,個室,sleepy,ベッドに腰掛け、少し気を抜いている,,,"食事を終え、二人は個室に戻った。
天使様は、二つ並んだベッドのうちひとつに、静かに腰を下ろす。

「明日もあるのですから、そろそろ休みましょう」

「――その前に、少しだけ疲れを取りましょう」
あなたはそう言って、天使様の肩や手にそっと触れ、凝りをほぐすように優しく揉みほぐした。

天使様は目を細め、されるがままになっていた。
やがて満足したように小さく息を吐くと、そのまま静かに眠りに落ちていった。

――その日から、二人の生活が始まったのでした。",
night_care_d2,2,,,10,個室,tired,祈りの後、肩を落としている,1,"{""angel_relaxed_by_care"":true}","祈りを終えた天使様は、いつもより少し肩を落としていた。
あなたが声をかけると、彼女は小さくうなずく。

「……少しだけ、お願いします」",
night_care_d3,3,,,10,個室,gentle,少し自然に身を預けている,1,"{""angel_relaxed_by_care"":true}","昨日よりも、天使様は少しだけ自然に身を預けた。
部屋の外では、夏の終わりの虫の声が細く続いている。","【R-18差分ダミー】ここに作者差し込みのR-18版本文が入る（night_care_d3_adult）。

昨日よりも、天使様は少しだけ自然に身を預けた。
部屋の外では、夏の終わりの虫の声が細く続いている。"
night_care_d4,4,,,10,個室,soft,穏やかに休んでいる,1,"{""angel_relaxed_by_care"":true}","四日目の夜。翼をたたんだ天使様に、いつものように声をかける。

「……はい。お願いします」
彼女は小さく答え、肩の力を少しだけ抜いた。",
night_care_d5,5,,,10,個室,soft,少し自然に身を預けている,1,"{""angel_relaxed_by_care"":true}","五日目の夜。もう何度か重ねたケアに、天使様は少しだけ早く応じる。

「……ありがとうございます。最近は、この時間が落ち着きます」",
night_care_d6,6,,,10,個室,gentle,静かに休んでいる,1,"{""angel_relaxed_by_care"":true}","六日目の夜。部屋の外は静かで、教会全体が少しだけ深い息をついているようだった。

天使様は何も言わず肩を預けてきた。それだけで、今日一日の終わりが伝わる。",
night_care_d7,7,,,10,個室,soft,静かに休んでいる,1,"{""angel_relaxed_by_care"":true}","懺悔室のあと、個室に戻る。天使様も後から静かに入ってきた。

告解の間でのことについて、何も問いかけてこない。

「……お休みなさい」とだけ言って、いつものように肩を預けてきた。",[TODO:作者差し込み]
night_care_fallback,,,,1,個室,soft,静かに休んでいる,1,"{""angel_relaxed_by_care"":true}","就寝前、天使様の肩をそっとほぐす。
天使様は目を細め、小さく息を吐いた。",
